<?xml version="1.0" encoding="UTF-8"?>
<project-private xmlns="http://www.netbeans.org/ns/project-private/1">
    <editor-bookmarks xmlns="http://www.netbeans.org/ns/editor-bookmarks/2" lastBookmarkId="0"/>
    <open-files xmlns="http://www.netbeans.org/ns/projectui-open-files/2">
        <group>
            <file>file:/C:/Users/juanl/Documents/IntegracionDeSoluciones/API/web/index.html</file>
            <file>file:/C:/Users/juanl/Documents/IntegracionDeSoluciones/API/src/java/mybatis/mappers/ColaboradorMapper.xml</file>
            <file>file:/C:/Users/juanl/Documents/IntegracionDeSoluciones/API/src/java/ws/WSColaborador.java</file>
            <file>file:/C:/Users/juanl/Documents/IntegracionDeSoluciones/API/src/java/dominio/ImpLogin.java</file>
            <file>file:/C:/Users/juanl/Documents/IntegracionDeSoluciones/API/src/java/pojo/Rol.java</file>
            <file>file:/C:/Users/juanl/Documents/IntegracionDeSoluciones/API/src/java/dominio/ImpColaborador.java</file>
        </group>
    </open-files>
</project-private>
