<?xml version="1.0" encoding="UTF-8"?>
<project-private xmlns="http://www.netbeans.org/ns/project-private/1">
    <editor-bookmarks xmlns="http://www.netbeans.org/ns/editor-bookmarks/2" lastBookmarkId="0"/>
    <open-files xmlns="http://www.netbeans.org/ns/projectui-open-files/2">
        <group>
            <file>file:/C:/Users/juanl/Documents/IntegracionDeSoluciones/API/src/java/dominio/ImpRutina.java</file>
            <file>file:/C:/Users/juanl/Documents/IntegracionDeSoluciones/API/src/java/ws/WSPagos.java</file>
            <file>file:/C:/Users/juanl/Documents/IntegracionDeSoluciones/API/src/java/mybatis/mybatis-config.xml</file>
            <file>file:/C:/Users/juanl/Documents/IntegracionDeSoluciones/API/src/java/ws/WSRutina.java</file>
            <file>file:/C:/Users/juanl/Documents/IntegracionDeSoluciones/API/src/java/mybatis/mappers/RutinaMapper.xml</file>
            <file>file:/C:/Users/juanl/Documents/IntegracionDeSoluciones/API/src/java/pojo/Rutina.java</file>
            <file>file:/C:/Users/juanl/Documents/IntegracionDeSoluciones/API/src/java/dominio/ImpColaborador.java</file>
        </group>
    </open-files>
</project-private>
